2021-06-01,2021-06-30,failed,depth0_attempt1
2021-06-01,2021-06-30,failed,depth0_attempt2
2021-06-01,2021-06-30,splitting,depth0
2021-06-01,2021-06-15,failed,depth1_attempt1
2021-06-01,2021-06-15,failed,depth1_attempt2
2021-06-01,2021-06-15,splitting,depth1
2021-06-01,2021-06-08,finished,depth2
2021-06-09,2021-06-15,finished,depth2
2021-06-16,2021-06-30,failed,depth1_attempt1
2021-06-16,2021-06-30,failed,depth1_attempt2
2021-06-16,2021-06-30,splitting,depth1
2021-06-16,2021-06-23,finished,depth2
2021-06-24,2021-06-30,failed,depth2_attempt1
2021-06-24,2021-06-30,finished,depth2
2019-10-01,2019-10-31,failed,depth0_attempt1
2019-10-01,2019-10-31,failed,depth0_attempt2
2019-10-01,2019-10-31,splitting,depth0
2019-10-01,2019-10-16,failed,depth1_attempt1
2019-10-01,2019-10-16,failed,depth1_attempt2
2019-10-01,2019-10-16,splitting,depth1
2019-10-01,2019-10-08,finished,depth2
2019-10-09,2019-10-16,finished,depth2
2019-10-17,2019-10-31,failed,depth1_attempt1
2019-10-17,2019-10-31,failed,depth1_attempt2
2019-10-17,2019-10-31,splitting,depth1
2019-10-17,2019-10-24,finished,depth2
2019-10-25,2019-10-31,finished,depth2
2019-11-01,2019-11-30,failed,depth0_attempt1
2019-11-01,2019-11-30,failed,depth0_attempt2
2019-11-01,2019-11-30,splitting,depth0
2019-11-01,2019-11-15,failed,depth1_attempt1
2019-11-01,2019-11-15,finished,depth1
2019-11-16,2019-11-30,finished,depth1
2019-12-01,2019-12-31,failed,depth0_attempt1
2019-12-01,2019-12-31,failed,depth0_attempt2
2019-12-01,2019-12-31,splitting,depth0
2019-12-01,2019-12-16,failed,depth1_attempt1
2019-12-01,2019-12-16,failed,depth1_attempt2
2019-12-01,2019-12-16,splitting,depth1
2019-12-01,2019-12-08,finished,depth2
2019-12-09,2019-12-16,finished,depth2
2019-12-17,2019-12-31,finished,depth1
2020-01-01,2020-01-31,failed,depth0_attempt1
2020-01-01,2020-01-31,failed,depth0_attempt2
2020-01-01,2020-01-31,splitting,depth0
2020-01-01,2020-01-16,finished,depth1
2020-01-17,2020-01-31,failed,depth1_attempt1
2020-01-17,2020-01-31,failed,depth1_attempt2
2020-01-17,2020-01-31,splitting,depth1
2020-01-17,2020-01-24,finished,depth2
2020-01-25,2020-01-31,finished,depth2
2020-02-01,2020-02-29,failed,depth0_attempt1
2020-02-01,2020-02-29,failed,depth0_attempt2
2020-02-01,2020-02-29,splitting,depth0
2020-02-01,2020-02-15,failed,depth1_attempt1
2020-02-01,2020-02-15,failed,depth1_attempt2
2020-02-01,2020-02-15,splitting,depth1
2020-02-01,2020-02-08,finished,depth2
2020-02-09,2020-02-15,finished,depth2
2020-02-16,2020-02-29,finished,depth1
2020-03-01,2020-03-31,failed,depth0_attempt1
2020-03-01,2020-03-31,failed,depth0_attempt2
2020-03-01,2020-03-31,splitting,depth0
2020-03-01,2020-03-16,finished,depth1
2020-03-17,2020-03-31,failed,depth1_attempt1
2020-03-17,2020-03-31,finished,depth1
2020-04-01,2020-04-30,failed,depth0_attempt1
2020-04-01,2020-04-30,failed,depth0_attempt2
2020-04-01,2020-04-30,splitting,depth0
2020-04-01,2020-04-15,failed,depth1_attempt1
2020-04-01,2020-04-15,finished,depth1
2020-04-16,2020-04-30,failed,depth1_attempt1
2020-04-16,2020-04-30,failed,depth1_attempt2
2020-04-16,2020-04-30,splitting,depth1
2020-04-16,2020-04-23,finished,depth2
2020-04-24,2020-04-30,finished,depth2
2020-05-01,2020-05-31,failed,depth0_attempt1
2020-05-01,2020-05-31,failed,depth0_attempt2
2020-05-01,2020-05-31,splitting,depth0
2020-05-01,2020-05-16,failed,depth1_attempt1
2020-05-01,2020-05-16,failed,depth1_attempt2
2020-05-01,2020-05-16,splitting,depth1
2020-05-01,2020-05-08,finished,depth2
2020-05-09,2020-05-16,finished,depth2
2020-05-17,2020-05-31,failed,depth1_attempt1
2020-05-17,2020-05-31,failed,depth1_attempt2
2020-05-17,2020-05-31,splitting,depth1
2020-05-17,2020-05-24,finished,depth2
2020-05-25,2020-05-31,finished,depth2
2020-06-01,2020-06-30,failed,depth0_attempt1
2020-06-01,2020-06-30,failed,depth0_attempt2
2020-06-01,2020-06-30,splitting,depth0
2020-06-01,2020-06-15,failed,depth1_attempt1
2020-06-01,2020-06-15,failed,depth1_attempt2
2020-06-01,2020-06-15,splitting,depth1
2020-06-01,2020-06-08,finished,depth2
2020-06-09,2020-06-15,finished,depth2
2020-06-16,2020-06-30,failed,depth1_attempt1
2020-06-16,2020-06-30,failed,depth1_attempt2
2020-06-16,2020-06-30,splitting,depth1
2020-06-16,2020-06-23,finished,depth2
2020-06-24,2020-06-30,finished,depth2
2020-07-01,2020-07-31,failed,depth0_attempt1
2020-07-01,2020-07-31,failed,depth0_attempt2
2020-07-01,2020-07-31,splitting,depth0
2020-07-01,2020-07-16,failed,depth1_attempt1
2020-07-01,2020-07-16,failed,depth1_attempt2
2020-07-01,2020-07-16,splitting,depth1
2020-07-01,2020-07-08,finished,depth2
2020-07-09,2020-07-16,finished,depth2
2020-07-17,2020-07-31,failed,depth1_attempt1
2020-07-17,2020-07-31,failed,depth1_attempt2
2020-07-17,2020-07-31,splitting,depth1
2020-07-17,2020-07-24,finished,depth2
2020-07-25,2020-07-31,finished,depth2
2020-08-01,2020-08-31,failed,depth0_attempt1
2020-08-01,2020-08-31,failed,depth0_attempt2
2020-08-01,2020-08-31,splitting,depth0
2020-08-01,2020-08-16,failed,depth1_attempt1
2020-08-01,2020-08-16,failed,depth1_attempt2
2020-08-01,2020-08-16,splitting,depth1
2020-08-01,2020-08-08,finished,depth2
2020-08-09,2020-08-16,finished,depth2
2020-08-17,2020-08-31,failed,depth1_attempt1
2020-08-17,2020-08-31,failed,depth1_attempt2
2020-08-17,2020-08-31,splitting,depth1
2020-08-17,2020-08-24,finished,depth2
2020-08-25,2020-08-31,finished,depth2
2020-09-01,2020-09-30,failed,depth0_attempt1
2020-09-01,2020-09-30,failed,depth0_attempt2
2020-09-01,2020-09-30,splitting,depth0
2020-09-01,2020-09-15,failed,depth1_attempt1
2020-09-01,2020-09-15,failed,depth1_attempt2
2020-09-01,2020-09-15,splitting,depth1
2020-09-01,2020-09-08,finished,depth2
2020-09-09,2020-09-15,finished,depth2
2020-09-16,2020-09-30,failed,depth1_attempt1
2020-09-16,2020-09-30,failed,depth1_attempt2
2020-09-16,2020-09-30,splitting,depth1
2020-09-16,2020-09-23,finished,depth2
2020-09-24,2020-09-30,finished,depth2
2020-10-01,2020-10-31,failed,depth0_attempt1
2020-10-01,2020-10-31,failed,depth0_attempt2
2020-10-01,2020-10-31,splitting,depth0
2020-10-01,2020-10-16,failed,depth1_attempt1
2020-10-01,2020-10-16,failed,depth1_attempt2
2020-10-01,2020-10-16,splitting,depth1
2020-10-01,2020-10-08,finished,depth2
2020-10-09,2020-10-16,finished,depth2
2020-10-17,2020-10-31,failed,depth1_attempt1
2020-10-17,2020-10-31,failed,depth1_attempt2
2020-10-17,2020-10-31,splitting,depth1
2020-10-17,2020-10-24,finished,depth2
2020-10-25,2020-10-31,finished,depth2
2020-11-01,2020-11-30,failed,depth0_attempt1
2020-11-01,2020-11-30,failed,depth0_attempt2
2020-11-01,2020-11-30,splitting,depth0
2020-11-01,2020-11-15,failed,depth1_attempt1
2020-11-01,2020-11-15,failed,depth1_attempt2
2020-11-01,2020-11-15,splitting,depth1
2020-11-01,2020-11-08,finished,depth2
2020-11-09,2020-11-15,finished,depth2
2020-11-16,2020-11-30,failed,depth1_attempt1
2020-11-16,2020-11-30,failed,depth1_attempt2
2020-11-16,2020-11-30,splitting,depth1
2020-11-16,2020-11-23,failed,depth2_attempt1
2020-11-16,2020-11-23,failed,depth2_attempt2
2020-11-16,2020-11-23,splitting,depth2
2020-11-16,2020-11-19,finished,depth3
2020-11-20,2020-11-23,finished,depth3
2020-11-24,2020-11-30,finished,depth2
2020-12-01,2020-12-31,failed,depth0_attempt1
2020-12-01,2020-12-31,failed,depth0_attempt2
2020-12-01,2020-12-31,splitting,depth0
2020-12-01,2020-12-16,failed,depth1_attempt1
2020-12-01,2020-12-16,failed,depth1_attempt2
2020-12-01,2020-12-16,splitting,depth1
2020-12-01,2020-12-08,finished,depth2
2020-12-09,2020-12-16,finished,depth2
2020-12-17,2020-12-31,finished,depth1
2021-01-01,2021-01-31,failed,depth0_attempt1
2021-01-01,2021-01-31,failed,depth0_attempt2
2021-01-01,2021-01-31,splitting,depth0
2021-01-01,2021-01-16,finished,depth1
2021-01-17,2021-01-31,finished,depth1
2021-02-01,2021-02-28,failed,depth0_attempt1
2021-02-01,2021-02-28,failed,depth0_attempt2
2021-02-01,2021-02-28,splitting,depth0
2021-02-01,2021-02-14,finished,depth1
2021-02-15,2021-02-28,finished,depth1
2021-03-01,2021-03-31,failed,depth0_attempt1
2021-03-01,2021-03-31,failed,depth0_attempt2
2021-03-01,2021-03-31,splitting,depth0
2021-03-01,2021-03-16,failed,depth1_attempt1
2021-03-01,2021-03-16,failed,depth1_attempt2
2021-03-01,2021-03-16,splitting,depth1
2021-03-01,2021-03-08,finished,depth2
2021-03-09,2021-03-16,finished,depth2
2021-03-17,2021-03-31,failed,depth1_attempt1
2021-03-17,2021-03-31,failed,depth1_attempt2
2021-03-17,2021-03-31,splitting,depth1
2021-03-17,2021-03-24,failed,depth2_attempt1
2021-03-17,2021-03-24,failed,depth2_attempt2
2021-03-17,2021-03-24,splitting,depth2
2021-03-17,2021-03-20,finished,depth3
2021-03-21,2021-03-24,finished,depth3
2021-03-25,2021-03-31,finished,depth2
2021-04-01,2021-04-30,failed,depth0_attempt1
2021-04-01,2021-04-30,failed,depth0_attempt2
2021-04-01,2021-04-30,splitting,depth0
2021-04-01,2021-04-15,failed,depth1_attempt1
2021-04-01,2021-04-15,failed,depth1_attempt2
2021-04-01,2021-04-15,splitting,depth1
2021-04-01,2021-04-08,failed,depth2_attempt1
2021-04-01,2021-04-08,failed,depth2_attempt2
2021-04-01,2021-04-08,splitting,depth2
2021-04-01,2021-04-04,finished,depth3
2021-04-05,2021-04-08,finished,depth3
2021-04-09,2021-04-15,finished,depth2
2021-04-16,2021-04-30,failed,depth1_attempt1
2021-04-16,2021-04-30,failed,depth1_attempt2
2021-04-16,2021-04-30,splitting,depth1
2021-04-16,2021-04-23,finished,depth2
2021-04-24,2021-04-30,finished,depth2
2021-05-01,2021-05-31,failed,depth0_attempt1
2021-05-01,2021-05-31,failed,depth0_attempt2
2021-05-01,2021-05-31,splitting,depth0
2021-05-01,2021-05-16,failed,depth1_attempt1
2021-05-01,2021-05-16,failed,depth1_attempt2
2021-05-01,2021-05-16,splitting,depth1
2021-05-01,2021-05-08,failed,depth2_attempt1
2021-05-01,2021-05-08,failed,depth2_attempt2
2021-05-01,2021-05-08,splitting,depth2
2021-05-01,2021-05-04,finished,depth3
2021-05-05,2021-05-08,finished,depth3
2021-05-09,2021-05-16,finished,depth2
2021-05-17,2021-05-31,failed,depth1_attempt1
2021-05-17,2021-05-31,failed,depth1_attempt2
2021-05-17,2021-05-31,splitting,depth1
2021-05-17,2021-05-24,finished,depth2
2021-05-25,2021-05-31,failed,depth2_attempt1
2021-05-25,2021-05-31,finished,depth2
2021-06-01,2021-06-30,failed,depth0_attempt1
2021-06-01,2021-06-30,failed,depth0_attempt2
2021-06-01,2021-06-30,splitting,depth0
2021-06-01,2021-06-15,failed,depth1_attempt1
2021-06-01,2021-06-15,failed,depth1_attempt2
2021-06-01,2021-06-15,splitting,depth1
2021-06-16,2021-06-30,failed,depth1_attempt1
2021-06-16,2021-06-30,failed,depth1_attempt2
2021-06-16,2021-06-30,splitting,depth1
2021-07-01,2021-07-31,failed,depth0_attempt1
2021-07-01,2021-07-31,failed,depth0_attempt2
2021-07-01,2021-07-31,splitting,depth0
2021-07-01,2021-07-16,failed,depth1_attempt1
2021-07-01,2021-07-16,finished,depth1
2021-07-17,2021-07-31,failed,depth1_attempt1
2021-07-17,2021-07-31,failed,depth1_attempt2
2021-07-17,2021-07-31,splitting,depth1
2021-07-17,2021-07-24,failed,depth2_attempt1
2021-07-17,2021-07-24,finished,depth2
2021-07-25,2021-07-31,finished,depth2
2021-08-01,2021-08-31,failed,depth0_attempt1
2021-08-01,2021-08-31,failed,depth0_attempt2
2021-08-01,2021-08-31,splitting,depth0
2021-08-01,2021-08-16,failed,depth1_attempt1
2021-08-01,2021-08-16,failed,depth1_attempt2
2021-08-01,2021-08-16,splitting,depth1
2021-08-01,2021-08-08,finished,depth2
2021-08-09,2021-08-16,finished,depth2
2021-08-17,2021-08-31,failed,depth1_attempt1
2021-08-17,2021-08-31,failed,depth1_attempt2
2021-08-17,2021-08-31,splitting,depth1
2021-08-17,2021-08-24,finished,depth2
2021-08-25,2021-08-31,finished,depth2
2021-09-01,2021-09-30,failed,depth0_attempt1
2021-09-01,2021-09-30,failed,depth0_attempt2
2021-09-01,2021-09-30,splitting,depth0
2021-09-01,2021-09-15,failed,depth1_attempt1
2021-09-01,2021-09-15,failed,depth1_attempt2
2021-09-01,2021-09-15,splitting,depth1
2021-09-01,2021-09-08,finished,depth2
2021-09-09,2021-09-15,finished,depth2
2021-09-16,2021-09-30,failed,depth1_attempt1
2021-09-16,2021-09-30,failed,depth1_attempt2
2021-09-16,2021-09-30,splitting,depth1
2021-09-16,2021-09-23,finished,depth2
2021-09-24,2021-09-30,finished,depth2
2021-10-01,2021-10-31,failed,depth0_attempt1
2021-10-01,2021-10-31,failed,depth0_attempt2
2021-10-01,2021-10-31,splitting,depth0
2021-10-01,2021-10-16,failed,depth1_attempt1
2021-10-01,2021-10-16,failed,depth1_attempt2
2021-10-01,2021-10-16,splitting,depth1
2021-10-01,2021-10-08,finished,depth2
2021-10-09,2021-10-16,finished,depth2
2021-10-17,2021-10-31,failed,depth1_attempt1
2021-10-17,2021-10-31,failed,depth1_attempt2
2021-10-17,2021-10-31,splitting,depth1
2021-10-17,2021-10-24,finished,depth2
2021-10-25,2021-10-31,finished,depth2
2021-11-01,2021-11-30,failed,depth0_attempt1
2021-11-01,2021-11-30,failed,depth0_attempt2
2021-11-01,2021-11-30,splitting,depth0
2021-11-01,2021-11-15,failed,depth1_attempt1
2021-11-01,2021-11-15,failed,depth1_attempt2
2021-11-01,2021-11-15,splitting,depth1
2021-11-01,2021-11-08,finished,depth2
2021-11-09,2021-11-15,finished,depth2
2021-11-16,2021-11-30,failed,depth1_attempt1
2021-11-16,2021-11-30,failed,depth1_attempt2
2021-11-16,2021-11-30,splitting,depth1
2021-11-16,2021-11-23,finished,depth2
2021-11-24,2021-11-30,finished,depth2
2021-12-01,2021-12-31,failed,depth0_attempt1
2021-12-01,2021-12-31,failed,depth0_attempt2
2021-12-01,2021-12-31,splitting,depth0
2021-12-01,2021-12-16,failed,depth1_attempt1
2021-12-01,2021-12-16,finished,depth1
2021-12-17,2021-12-31,failed,depth1_attempt1
2021-12-17,2021-12-31,finished,depth1
2022-01-01,2022-01-31,failed,depth0_attempt1
2022-01-01,2022-01-31,failed,depth0_attempt2
2022-01-01,2022-01-31,splitting,depth0
2022-01-01,2022-01-16,failed,depth1_attempt1
2022-01-01,2022-01-16,finished,depth1
2022-01-17,2022-01-31,failed,depth1_attempt1
2022-01-17,2022-01-31,failed,depth1_attempt2
2022-01-17,2022-01-31,splitting,depth1
2022-01-17,2022-01-24,finished,depth2
2022-01-25,2022-01-31,finished,depth2
2022-02-01,2022-02-28,failed,depth0_attempt1
2022-02-01,2022-02-28,failed,depth0_attempt2
2022-02-01,2022-02-28,splitting,depth0
2022-02-01,2022-02-14,failed,depth1_attempt1
2022-02-01,2022-02-14,failed,depth1_attempt2
2022-02-01,2022-02-14,splitting,depth1
2022-02-01,2022-02-07,finished,depth2
2022-02-08,2022-02-14,finished,depth2
2022-02-15,2022-02-28,failed,depth1_attempt1
2022-02-15,2022-02-28,failed,depth1_attempt2
2022-02-15,2022-02-28,splitting,depth1
2022-02-15,2022-02-21,finished,depth2
2022-02-22,2022-02-28,finished,depth2
2022-03-01,2022-03-31,failed,depth0_attempt1
2022-03-01,2022-03-31,failed,depth0_attempt2
2022-03-01,2022-03-31,splitting,depth0
2022-03-01,2022-03-16,failed,depth1_attempt1
2022-03-01,2022-03-16,failed,depth1_attempt2
2022-03-01,2022-03-16,splitting,depth1
2022-03-01,2022-03-08,finished,depth2
2022-03-09,2022-03-16,finished,depth2
2022-03-17,2022-03-31,failed,depth1_attempt1
2022-03-17,2022-03-31,failed,depth1_attempt2
2022-03-17,2022-03-31,splitting,depth1
2022-03-17,2022-03-24,finished,depth2
2022-03-25,2022-03-31,finished,depth2
2022-04-01,2022-04-30,failed,depth0_attempt1
2022-04-01,2022-04-30,failed,depth0_attempt2
2022-04-01,2022-04-30,splitting,depth0
2022-04-01,2022-04-15,failed,depth1_attempt1
2022-04-01,2022-04-15,failed,depth1_attempt2
2022-04-01,2022-04-15,splitting,depth1
2022-04-01,2022-04-08,finished,depth2
2022-04-09,2022-04-15,finished,depth2
2022-04-16,2022-04-30,failed,depth1_attempt1
2022-04-16,2022-04-30,failed,depth1_attempt2
2022-04-16,2022-04-30,splitting,depth1
2022-04-16,2022-04-23,finished,depth2
2022-04-24,2022-04-30,finished,depth2
2022-05-01,2022-05-31,failed,depth0_attempt1
2022-05-01,2022-05-31,failed,depth0_attempt2
2022-05-01,2022-05-31,splitting,depth0
2022-05-01,2022-05-16,failed,depth1_attempt1
2022-05-01,2022-05-16,failed,depth1_attempt2
2022-05-01,2022-05-16,splitting,depth1
2022-05-01,2022-05-08,finished,depth2
2022-05-09,2022-05-16,finished,depth2
2022-05-17,2022-05-31,finished,depth1
2022-06-01,2022-06-30,failed,depth0_attempt1
2022-06-01,2022-06-30,failed,depth0_attempt2
2022-06-01,2022-06-30,splitting,depth0
2022-06-01,2022-06-15,failed,depth1_attempt1
2022-06-01,2022-06-15,failed,depth1_attempt2
2022-06-01,2022-06-15,splitting,depth1
2022-06-01,2022-06-08,finished,depth2
2022-06-09,2022-06-15,finished,depth2
2022-06-16,2022-06-30,failed,depth1_attempt1
2022-06-16,2022-06-30,finished,depth1
2022-07-01,2022-07-31,failed,depth0_attempt1
2022-07-01,2022-07-31,failed,depth0_attempt2
2022-07-01,2022-07-31,splitting,depth0
2022-07-01,2022-07-16,failed,depth1_attempt1
2022-07-01,2022-07-16,failed,depth1_attempt2
2022-07-01,2022-07-16,splitting,depth1
2022-07-01,2022-07-08,finished,depth2
2022-07-09,2022-07-16,finished,depth2
2022-07-17,2022-07-31,failed,depth1_attempt1
2022-07-17,2022-07-31,failed,depth1_attempt2
2022-07-17,2022-07-31,splitting,depth1
2022-07-17,2022-07-24,finished,depth2
2022-07-25,2022-07-31,finished,depth2
2022-08-01,2022-08-31,failed,depth0_attempt1
2022-08-01,2022-08-31,failed,depth0_attempt2
2022-08-01,2022-08-31,splitting,depth0
2022-08-01,2022-08-16,failed,depth1_attempt1
2022-08-01,2022-08-16,failed,depth1_attempt2
2022-08-01,2022-08-16,splitting,depth1
2022-08-01,2022-08-08,finished,depth2
2022-08-09,2022-08-16,finished,depth2
2022-08-17,2022-08-31,failed,depth1_attempt1
2022-08-17,2022-08-31,finished,depth1
2022-09-01,2022-09-30,failed,depth0_attempt1
2022-09-01,2022-09-30,failed,depth0_attempt2
2022-09-01,2022-09-30,splitting,depth0
2022-09-01,2022-09-15,failed,depth1_attempt1
2022-09-01,2022-09-15,failed,depth1_attempt2
2022-09-01,2022-09-15,splitting,depth1
2022-09-01,2022-09-08,finished,depth2
2022-09-09,2022-09-15,finished,depth2
2022-09-16,2022-09-30,failed,depth1_attempt1
2022-09-16,2022-09-30,failed,depth1_attempt2
2022-09-16,2022-09-30,splitting,depth1
2022-09-16,2022-09-23,finished,depth2
2022-09-24,2022-09-30,finished,depth2
2022-10-01,2022-10-31,failed,depth0_attempt1
2022-10-01,2022-10-31,failed,depth0_attempt2
2022-10-01,2022-10-31,splitting,depth0
2022-10-01,2022-10-16,failed,depth1_attempt1
2022-10-01,2022-10-16,failed,depth1_attempt2
2022-10-01,2022-10-16,splitting,depth1
2022-10-01,2022-10-08,finished,depth2
2022-10-09,2022-10-16,finished,depth2
2022-10-17,2022-10-31,failed,depth1_attempt1
2022-10-17,2022-10-31,failed,depth1_attempt2
2022-10-17,2022-10-31,splitting,depth1
2022-10-17,2022-10-24,finished,depth2
2022-10-25,2022-10-31,finished,depth2
2022-11-01,2022-11-30,failed,depth0_attempt1
2022-11-01,2022-11-30,failed,depth0_attempt2
2022-11-01,2022-11-30,splitting,depth0
2022-11-01,2022-11-15,finished,depth1
2022-11-16,2022-11-30,finished,depth1
2022-12-01,2022-12-31,failed,depth0_attempt1
2022-12-01,2022-12-31,failed,depth0_attempt2
2022-12-01,2022-12-31,splitting,depth0
2022-12-01,2022-12-16,failed,depth1_attempt1
2022-12-01,2022-12-16,failed,depth1_attempt2
2022-12-01,2022-12-16,splitting,depth1
2022-12-01,2022-12-08,finished,depth2
2022-12-09,2022-12-16,finished,depth2
2022-12-17,2022-12-31,finished,depth1
2023-01-01,2023-01-31,failed,depth0_attempt1
2023-01-01,2023-01-31,finished,depth0
2023-02-01,2023-02-28,finished,depth0
2023-03-01,2023-03-31,finished,depth0
2023-04-01,2023-04-30,finished,depth0
2023-05-01,2023-05-31,failed,depth0_attempt1
2023-05-01,2023-05-31,finished,depth0
2023-06-01,2023-06-30,finished,depth0
2023-07-01,2023-07-31,failed,depth0_attempt1
2023-07-01,2023-07-31,failed,depth0_attempt2
2023-07-01,2023-07-31,splitting,depth0
2023-07-01,2023-07-16,finished,depth1
2023-07-17,2023-07-31,failed,depth1_attempt1
2023-07-17,2023-07-31,failed,depth1_attempt2
2023-07-17,2023-07-31,splitting,depth1
2023-07-17,2023-07-24,failed,depth2_attempt1
2023-07-17,2023-07-24,failed,depth2_attempt2
2023-07-17,2023-07-24,splitting,depth2
2023-07-17,2023-07-20,finished,depth3
2023-07-21,2023-07-24,finished,depth3
2023-07-25,2023-07-31,finished,depth2
2023-08-01,2023-08-31,failed,depth0_attempt1
2023-08-01,2023-08-31,failed,depth0_attempt2
2023-08-01,2023-08-31,splitting,depth0
2023-08-01,2023-08-16,failed,depth1_attempt1
2023-08-01,2023-08-16,failed,depth1_attempt2
2023-08-01,2023-08-16,splitting,depth1
2023-08-01,2023-08-08,finished,depth2
2023-08-09,2023-08-16,finished,depth2
2023-08-17,2023-08-31,failed,depth1_attempt1
2023-08-17,2023-08-31,failed,depth1_attempt2
2023-08-17,2023-08-31,splitting,depth1
2023-08-17,2023-08-24,finished,depth2
2023-08-25,2023-08-31,finished,depth2
2023-09-01,2023-09-30,failed,depth0_attempt1
2023-09-01,2023-09-30,failed,depth0_attempt2
2023-09-01,2023-09-30,splitting,depth0
2023-09-01,2023-09-15,finished,depth1
2023-09-16,2023-09-30,finished,depth1
2023-10-01,2023-10-31,failed,depth0_attempt1
2023-10-01,2023-10-31,failed,depth0_attempt2
2023-10-01,2023-10-31,splitting,depth0
2023-10-01,2023-10-16,failed,depth1_attempt1
2023-10-01,2023-10-16,failed,depth1_attempt2
2023-10-01,2023-10-16,splitting,depth1
2023-10-01,2023-10-08,finished,depth2
2023-10-09,2023-10-16,finished,depth2
2023-10-17,2023-10-31,failed,depth1_attempt1
2023-10-17,2023-10-31,failed,depth1_attempt2
2023-10-17,2023-10-31,splitting,depth1
2023-10-17,2023-10-24,finished,depth2
2023-10-25,2023-10-31,finished,depth2
2023-11-01,2023-11-30,failed,depth0_attempt1
2023-11-01,2023-11-30,failed,depth0_attempt2
2023-11-01,2023-11-30,splitting,depth0
2023-11-01,2023-11-15,finished,depth1
2023-11-16,2023-11-30,finished,depth1
2023-12-01,2023-12-31,failed,depth0_attempt1
2023-12-01,2023-12-31,failed,depth0_attempt2
2023-12-01,2023-12-31,splitting,depth0
2023-12-01,2023-12-16,failed,depth1_attempt1
2023-12-01,2023-12-16,failed,depth1_attempt2
2023-12-01,2023-12-16,splitting,depth1
2023-12-01,2023-12-08,finished,depth2
2023-12-09,2023-12-16,failed,depth2_attempt1
2023-12-09,2023-12-16,failed,depth2_attempt2
2023-12-09,2023-12-16,splitting,depth2
2023-12-09,2023-12-12,finished,depth3
2023-12-13,2023-12-16,finished,depth3
2023-12-17,2023-12-31,finished,depth1
2024-01-01,2024-01-31,failed,depth0_attempt1
2024-01-01,2024-01-31,failed,depth0_attempt2
2024-01-01,2024-01-31,splitting,depth0
2024-01-01,2024-01-16,failed,depth1_attempt1
2024-01-01,2024-01-16,failed,depth1_attempt2
2024-01-01,2024-01-16,splitting,depth1
2024-01-01,2024-01-08,finished,depth2
2024-01-09,2024-01-16,finished,depth2
2024-01-17,2024-01-31,failed,depth1_attempt1
2024-01-17,2024-01-31,failed,depth1_attempt2
2024-01-17,2024-01-31,splitting,depth1
2024-01-17,2024-01-24,finished,depth2
2024-01-25,2024-01-31,finished,depth2
2024-02-01,2024-02-29,failed,depth0_attempt1
2024-02-01,2024-02-29,failed,depth0_attempt2
2024-02-01,2024-02-29,splitting,depth0
2024-02-01,2024-02-15,failed,depth1_attempt1
2024-02-01,2024-02-15,failed,depth1_attempt2
2024-02-01,2024-02-15,splitting,depth1
2024-02-01,2024-02-08,finished,depth2
2024-02-09,2024-02-15,finished,depth2
2024-02-16,2024-02-29,failed,depth1_attempt1
2024-02-16,2024-02-29,failed,depth1_attempt2
2024-02-16,2024-02-29,splitting,depth1
2024-02-16,2024-02-22,finished,depth2
2024-02-23,2024-02-29,finished,depth2
2024-03-01,2024-03-31,failed,depth0_attempt1
2024-03-01,2024-03-31,failed,depth0_attempt2
2024-03-01,2024-03-31,splitting,depth0
2024-03-01,2024-03-16,failed,depth1_attempt1
2024-03-01,2024-03-16,failed,depth1_attempt2
2024-03-01,2024-03-16,splitting,depth1
2024-03-01,2024-03-08,finished,depth2
2024-03-09,2024-03-16,finished,depth2
2024-03-17,2024-03-31,failed,depth1_attempt1
2024-03-17,2024-03-31,finished,depth1
2024-04-01,2024-04-30,failed,depth0_attempt1
2024-04-01,2024-04-30,failed,depth0_attempt2
2024-04-01,2024-04-30,splitting,depth0
2024-04-01,2024-04-15,finished,depth1
2024-04-16,2024-04-30,finished,depth1
2024-05-01,2024-05-31,failed,depth0_attempt1
2024-05-01,2024-05-31,failed,depth0_attempt2
2024-05-01,2024-05-31,splitting,depth0
2024-05-01,2024-05-16,finished,depth1
2024-05-17,2024-05-31,finished,depth1
2024-06-01,2024-06-30,failed,depth0_attempt1
2024-06-01,2024-06-30,failed,depth0_attempt2
2024-06-01,2024-06-30,splitting,depth0
2024-06-01,2024-06-15,failed,depth1_attempt1
2024-06-01,2024-06-15,failed,depth1_attempt2
2024-06-01,2024-06-15,splitting,depth1
2024-06-01,2024-06-08,finished,depth2
2024-06-09,2024-06-15,finished,depth2
2024-06-16,2024-06-30,finished,depth1
2024-07-01,2024-07-31,failed,depth0_attempt1
2024-07-01,2024-07-31,failed,depth0_attempt2
2024-07-01,2024-07-31,splitting,depth0
2024-07-01,2024-07-16,finished,depth1
2024-07-17,2024-07-31,finished,depth1
2024-08-01,2024-08-31,failed,depth0_attempt1
2024-08-01,2024-08-31,finished,depth0
2024-09-01,2024-09-30,finished,depth0
2024-10-01,2024-10-31,failed,depth0_attempt1
2024-10-01,2024-10-31,failed,depth0_attempt2
2024-10-01,2024-10-31,splitting,depth0
2024-10-01,2024-10-16,finished,depth1
2024-10-17,2024-10-31,finished,depth1
2024-11-01,2024-11-30,finished,depth0
2024-12-01,2024-12-31,finished,depth0
2025-01-01,2025-01-31,finished,depth0
2025-02-01,2025-02-28,finished,depth0
2025-03-01,2025-03-31,finished,depth0
2025-04-01,2025-04-30,finished,depth0
2025-05-01,2025-05-31,finished,depth0
2025-06-01,2025-06-30,finished,depth0
2025-07-01,2025-07-31,finished,depth0
2025-08-01,2025-08-31,finished,depth0
2025-09-01,2025-09-30,failed,depth0_attempt1
2025-09-01,2025-09-30,finished,depth0
2025-10-01,2025-10-31,finished,depth0
2025-11-01,2025-11-30,finished,depth0
2025-12-01,2025-12-31,finished,depth0
2026-01-01,2026-01-31,finished,depth0
2026-02-01,2026-02-28,finished,depth0
2026-03-01,2026-03-31,finished,depth0
2026-04-01,2026-04-30,failed,depth0_attempt1
2026-04-01,2026-04-30,failed,depth0_attempt2
2026-04-01,2026-04-30,splitting,depth0
2026-04-01,2026-04-15,submit_error:<urlopen error [WinError 10053] An established connection was aborted by the software in your host machine>,depth1_attempt1
2026-04-01,2026-04-15,finished,depth1
2026-04-16,2026-04-30,timeout,depth1_attempt1
2026-04-16,2026-04-30,submit_error:<urlopen error [Errno 11001] getaddrinfo failed>,depth1_attempt2
2026-04-16,2026-04-30,splitting,depth1
2026-04-16,2026-04-23,submit_error:<urlopen error [Errno 11001] getaddrinfo failed>,depth2_attempt1
2026-04-16,2026-04-23,submit_error:<urlopen error [Errno 11001] getaddrinfo failed>,depth2_attempt2
2026-04-16,2026-04-23,splitting,depth2
2026-04-16,2026-04-19,submit_error:<urlopen error [Errno 11001] getaddrinfo failed>,depth3_attempt1
2026-04-16,2026-04-19,finished,depth3
2026-04-20,2026-04-23,finished,depth3
2026-04-24,2026-04-30,timeout,depth2_attempt1
2026-04-24,2026-04-30,submit_error:<urlopen error [Errno 11001] getaddrinfo failed>,depth2_attempt2
2026-04-24,2026-04-30,splitting,depth2
2026-04-24,2026-04-27,submit_error:<urlopen error [Errno 11001] getaddrinfo failed>,depth3_attempt1
2026-04-24,2026-04-27,submit_error:<urlopen error [Errno 11001] getaddrinfo failed>,depth3_attempt2
2026-04-24,2026-04-27,PERMANENT_FAIL,depth3
2026-04-28,2026-04-30,submit_error:<urlopen error [Errno 11001] getaddrinfo failed>,depth3_attempt1
2026-04-28,2026-04-30,submit_error:<urlopen error [Errno 11001] getaddrinfo failed>,depth3_attempt2
2026-04-28,2026-04-30,PERMANENT_FAIL,depth3
2026-04-24,2026-04-30,finished,depth0
